listing_id,price
41327249,705844.875
43476020,530336.125
43317859,483124.1875
43367445,543954.4375
43444103,322121.21875
43373064,530812.75
43407692,348866.8125
43346067,328640.8125
43452337,602101.8125
43365919,498865.65625
43354833,388139.09375
43462667,263510.5
43468993,580061.9375
43346922,448529.1875
43430885,637577.25
43458516,704488.6875
43354382,657015.0625
43352308,616389.3125
37533136,482905.1875
43468726,534565.25
43345459,591995.625
43432064,648817.5625
43418053,111961.234375
43364423,540134
43476007,478043.8125
43330526,446825.90625
43371487,727756.0625
43402963,552689.1875
43430967,402548.5
43348582,360578.125
43476179,278588.53125
43480688,598552.5
43491600,541410.375
43477853,487871.09375
43349283,181804.375
43471067,469204.375
43367526,615833.25
43481782,525266.875
43371068,600246.4375
43487532,241407.9375
43437046,401231.8125
43373023,464899.78125
43485029,446208.375
43479879,495369.15625
43428288,632282.9375
43359352,480676.96875
43440927,412713.34375
43318056,211891.09375
43372408,654669.6875
43407490,564865.9375
43390223,505991.59375
43375416,536920.9375
43327369,547702.75
43367169,397581.125
43395628,693275.625
43334012,544165.5
43399045,472002.78125
43375737,387298.40625
43318559,585430.75
43436709,639929.5
43443628,407736.625
43420991,521722.90625
43345092,546528.1875
43443235,586469
43319216,424828.28125
43439158,621545.5625
43349927,565378.125
43429929,298227.21875
43370450,273018.3125
43409127,694677.5625
43329249,336205.25
42846186,386855.5
43422042,465796.5
43377621,426699.625
43335930,438378.875
43345174,755005.875
43449008,555976.3125
43457573,741959.1875
43465529,534689.875
43389526,455080.6875
43433322,559702.625
43456933,361049.375
43351269,433123.3125
43465087,438776.25
43363991,377493.3125
43437844,503690.25
43446165,483272.1875
43494629,344453.09375
43404992,278428.71875
43450563,492759.40625
43392426,399132.5
43319247,730694.4375
43419362,727007.5625
43452322,449864.5625
43349624,621625.6875
43477308,681593.6875
43416754,478752.65625
43479885,384319.28125
43323325,437293.875
43409548,691467.1875
43402659,266908.6875
42560838,416542.40625
43397875,494998.84375
43483557,508647.75
43401046,535227
43383056,519031.46875
43407656,575250.0625
43412073,535492.875
43369040,638032.125
43465519,463719.625
43379221,550351.8125
43484802,561318.1875
43436336,486584.84375
43488379,736802.125
43464450,272665.9375
43449536,516557.03125
43356883,677260.1875
43378270,818001.375
43431629,527211.4375
39061409,562275.5
43388935,372656.53125
43373140,482308.75
43481893,493826.1875
43487673,547266.3125
43494903,605337.5625
43389492,618403.5
43427167,304143.28125
43488430,325681.25
43346949,545527.1875
43457945,349536.625
43374924,215458.375
43438291,578813.9375
43471441,385965.75
43388782,647486.6875
43389482,635592.3125
43490162,339216.0625
43421434,434895.96875
43390964,327638.84375
43366622,686110.5
43428001,416047.65625
43343618,598552.5
43330743,689478.0625
43388688,477438.46875
43469668,305817.15625
43466997,567535
43335767,344352.6875
43392674,465172.96875
43463481,498641.46875
43488979,589274.375
43494556,483905.84375
43405090,568457.75
43362320,750815.625
43324322,410041.96875
43416209,725363.9375
43395627,594658.75
43331479,499410.3125
43394776,724852.25
43438306,578170.9375
43370615,751824.5
43422295,713112.25
43457902,296408.21875
43394112,262091.9375
43338740,491856.03125
43469614,282463.40625
43319219,593817.5
43328339,372517.03125
43371984,537170.4375
43341762,578730.5625
43330878,486898.90625
43388268,448228
43396295,509900.1875
43474749,340395.03125
41296573,608017.8125
43341299,630017.9375
43493086,715741.5
43369348,732282.1875
43438106,541878.875
43359764,636480.4375
43322659,367526.71875
43372502,507890.875
43367521,502073.4375
43482478,483913.53125
42024217,572643.125
43370947,392875
43434228,381024.4375
43436706,427035.1875
43445754,421577.40625
43464845,313286.4375
43402404,546518.875
43428939,627955.9375
43365992,486783.5
43463478,522621.90625
42112951,770171.375
43399691,419218.09375
43394695,349394.09375
43478686,472529
43426188,337466.34375
43464645,609794
43492668,134538.0625
43439475,557027.4375
42954824,680060.875
43378244,558469.125
43483029,615097.625
43482487,519788.46875
43421028,330234.6875
43400500,406600.96875
43488319,507084.5
43464781,305525.53125
43383524,633520.125
43405184,569733.4375
43491597,762341.25
32276794,383497.6875
43445070,530688.75
43348984,584295.1875
40926523,622341.875
43319157,116231.7421875
43446153,770184.375
43373569,584706.9375
43442174,585305.75
43337076,403187.28125
43428187,742199.25
43463643,636666.8125
43483150,461881
43364832,557463.875
40721896,533907.875
43344158,474270.90625
43353555,562971.3125
43450789,501755.625
43466280,547036.25
43402208,579357.0625
43400665,629317.8125
43340810,665946.625
43328525,387838.9375
43448230,354547.03125
43332470,299069.6875
43484395,650335.25
43449231,452732.4375
43452218,315251.4375
43433384,605433.5625
43447932,233864.53125
43335654,591270.3125
43484391,466040.3125
43445459,460034.5625
43446798,545223.875
43357303,568052.625
43319748,486975.5
43463787,471262.03125
43371052,420784.3125
43344867,357271.40625
43412095,622599.125
43423718,417027.875
43347049,508903.21875
43437587,520632.5625
43482507,388045.09375
43493259,480870.0625
43413710,314343.125
43417025,428040.78125
43344972,354120
43364005,677207.375
43370872,406091.9375
43452550,416249.71875
43454638,482204.875
43330337,482363.21875
43412043,474049.40625
43349451,728768.75
43489576,456181.78125
43377822,767503.9375
43490503,498432.65625
43404513,492442.875
43483031,576926.5625
43338670,553557.3125
43340522,720926
43394728,629921.8125
43370473,492462.875
39531284,558914.125
43459504,351946.65625
42528709,364615.0625
43431542,283827.25
43443962,778176.8125
43471626,783379.375
43431471,464184.75
43406706,582047.8125
43409489,473922.5
43485645,561041.625
43478676,659755.25
43492689,638926.3125
43486377,664459.6875
43342394,307747.90625
43397904,318637.3125
43483092,401352.25
43451212,665639.375
43430574,468804.96875
43345832,576769
43394206,489553.15625
43366615,516806.8125
43414806,447281.96875
43476015,478043.8125
43463104,310254.4375
43362285,609061.5625
43483691,768463.125
43463741,351654.34375
43402526,461544.53125
43347630,659073.375
43412896,525266.875
43317575,356657.0625
43413722,489749.5625
43485254,345983.9375
43346617,317830.75
43391368,581780.5625
43383363,533824.375
43391007,363858.1875
43408156,521700.53125
43342190,540421.5625
43487141,502044.125
43458840,549760.5625
43481881,337426.59375
43481882,440364.96875
43408343,413080.71875
43345383,444923.5625
43366866,501670.53125
43365052,555575.625
43420783,565316.875
43464787,548459.375
43473518,376170.875
43395714,513468.4375
43361714,437011.8125
43469060,514324.15625
43464048,436459.125
43486009,185943.828125
42283663,332863.28125
43330478,584323.25
43343832,385065.34375
43416026,574287.8125
43361415,308159.4375
43420879,316629.9375
43378345,565250.6875
43412432,522752.65625
43433598,277469.84375
43332687,532225.4375
43485546,696683.5625
43488032,134068.515625
43482828,443286.84375
43493661,561045
43417045,518418.46875
43376266,462316.15625
39322187,512822.5
43397232,683808.8125
43348084,892640.5
43372323,548898.75
43345396,609791.75
43383331,598980.4375
43407278,497764.59375
43366861,405989.96875
43489597,443267.875
43349758,282809.9375
43390544,605566.0625
43440644,387556.09375
43441084,483653.09375
43412074,432113.46875
43476013,478043.8125
43359572,513041.875
43377721,560117.625
43400167,826973.875
43369024,418620.6875
34514401,487902.09375
43341297,812098.0625
38253176,679606
41403966,636307.5625
43396305,301706
43414804,594448.3125
43433219,313221.875
43441503,624881.125
43334815,293795.15625
43476708,682390.3125
43371260,321175.6875
43351474,452421.3125
43458996,478718.4375
43362518,713108.375
43414352,815179.9375
43445883,287811.90625
43433189,696196.25
42654409,455196.03125
43487625,381570.5625
40163826,439974.1875
43438111,486019.28125
43411686,483753.71875
43459582,468870.59375
43352320,434753.75
43482502,459742.03125
43427133,934227.875
43490163,578516.5625
40869177,505664.40625
37397863,660534.1875
43468043,669444.75
43344257,583177.25
43476784,527240.6875
43443845,564864.6875
43481043,854247.625
43362955,447672.34375
43429189,315711.0625
43365908,367996.46875
43493904,536165.9375
43344279,751520.0625
43340271,684378.75
43428218,423699.9375
43448331,353175.3125
43450004,653903.375
43392464,491302.34375
43389569,462438.8125
43336787,566859.5625
43323032,619048.5
43490078,636504.625
43405048,319107.75
43375800,282972.3125
43458960,546864.3125
43323440,552489.75
43367935,511611.96875
43418083,134538.0625
43436190,671660
43349622,714832.6875
43394788,561762.0625
43471666,807435.4375
43367384,522313.625
43370290,307698.40625
43383407,538271
43485811,468373.34375
43363781,524925.125
43446105,445001.4375
43332754,561226.875
43433414,551558.875
43471796,627640.3125
43455810,558896.6875
43349095,446003.78125
43402765,524614
43394426,612709.0625
43323338,729509.5625
43487754,445835.09375
33765106,367523.03125
43400187,477825.9375
43467306,379937
43484856,587344.375
43323664,241080.890625
43321274,649376.5
43382513,490841.6875
43476318,712563.0625
43468754,422311.84375
43341291,758887.3125
43471667,275859.25
43354425,522992.0625
43386641,456765.3125
43464214,313191.625
40894513,491289.09375
43429867,613105.9375
43457383,473366.6875
43381878,517502.46875
43476008,478043.8125
43380430,566229.75
43421697,645231.125
43453282,461069.875
43353984,566087.9375
43476196,341183.59375
43469707,646616.25
43414378,407394.34375
43393746,684208.1875
42697548,337916.1875
43468747,511018.28125
43328261,441817.125
43373674,499405.5625
43483901,686622.625
43334301,498942.9375
43464375,539573.0625
43345986,524864.0625
43418778,358374.21875
43388555,426824.90625
43416681,476313.46875
43322383,351077.71875
43410501,393436.53125
43411749,531207.625
43439619,393043.375
43466441,505722.5625
43489519,628789.375
43383335,671643.9375
43490924,613475.25
43351030,503482.46875
43485094,592437.8125
43417307,568978.0625
43492664,617377.5625
43318208,458629.15625
43376551,373517.21875
43380658,679123.75
43340491,647386.6875
43411750,551591.8125
43477576,626458.8125
43444114,504976.4375
43416494,356271.5625
43402361,519195.71875
43346567,232947.84375
43408322,576769
43365569,589795.9375
43376950,571109.1875
43322261,517008.46875
42394179,390109.28125
43387419,538255.3125
43475418,589648.625
43336324,601292.5
43445417,729069.5625
43448329,522770.6875
43364314,502014.53125
43458444,464371.125
43419825,539776.75
43390913,528136.4375
43342862,252569.8125
43453734,459767.25
43485487,514096.125
43403109,593776.5
43348580,455793.375
43402791,738290.375
43402716,476520.59375
43358212,370993.09375
43485088,574896.1875
43448347,270849.65625
43331065,418860.46875
43471836,794020.4375
43420225,323630.34375
43433512,646353.6875
43387793,413927.3125
43360247,311168.4375
43439730,707261.25
43396763,649543.75
43422097,527127.6875
43370955,549901.8125
43358402,446398.78125
43373578,314812.03125
43439426,627757.125
43347206,402838.875
43386475,569942.1875
43437999,613727.5625
43448323,305689.46875
43390434,612841.5
43393844,543701.4375
43423781,442986.65625
43457897,260471.265625
43332802,431992.09375
43383898,481436.0625
43428062,399443.78125
43404876,279081.3125
42550423,562521
43489700,610051.125
43376039,460768.21875
43422460,417960.375
43362295,483882.875
43464926,651493.8125
43451972,482672.1875
43433459,659133.125
43408663,460511.53125
43452444,332915.75
43352379,471703.625
43450742,568508.1875
43324313,403430.5
43342601,571750
41422066,578591.6875
43471043,525175.4375
43482675,625507.625
43490691,485570.75
43443228,520549.25
42508678,482870.28125
43351273,489948.53125
43488730,395680.84375
43449342,596145.6875
43476044,523553.84375
43382059,550228.625
43405703,406829.71875
43376898,405066.75
43483837,630459.125
43469002,404238.25
43446210,731806.375
43414281,315691.875
43388765,506290.75
43454413,475616.84375
43343560,444049.5
43360203,381946.53125
43402759,451154.0625
37103298,530084.125
43414811,410976.75
43484347,438165.03125
43323223,625062.5625
43458977,506796
43486014,495817.65625
43385533,709930.5
43449528,897248.4375
43471586,530279.375
43378275,271608.96875
43356247,356448.5625
43467587,684555.6875
43439503,627215.5
43485643,411322.4375
43372964,559655.3125
43369822,603675.5
43426507,652707.3125
43361590,906064.875
43413813,424690.09375
43342594,292742.96875
43433503,657083.4375
43443299,484980.71875
43385803,669828.375
43483341,780696
43421973,629983.9375
43464784,600577.5625
43434070,545664.5
43426405,645236.1875
43383365,595732.5625
43440405,669504.375
43430085,369232.40625
43435956,628108
43346469,156569.3125
43458247,461914.40625
43378527,390891
43479020,603757.25
43446449,591437.25
43400742,259695.34375
43364187,393954.84375
43443796,445831.6875
43394680,753069.3125
43368925,554288.0625
42918289,642538.25
43321636,641299.3125
43411042,418796.71875
43484758,562610.75
43442010,454298.375
43441639,446625.90625
43338834,431999.03125
43379207,387904
43471841,427860.1875
43366204,207694.625
43491593,801444.4375
43403266,344515.8125
43374068,628068.625
40918300,653190.3125
43443318,423862.53125
43361391,597113.4375
43366444,618875
43486837,269737.46875
43425045,615884.375
43378254,461398.03125
43346439,271323.90625
43434385,512563.71875
43402959,573918.9375
43351910,460253.75
43466585,582554.9375
43351372,560715.5
43458294,430031.125
43382348,447782.4375
43340991,600785.375
43467927,427581.0625
43319814,347380.90625
43342252,485159.46875
30242687,513734.9375
43386187,560192.6875
43443141,527441.9375
43397267,410442.5
43484022,456570.1875
43319857,466644.09375
43471716,742393.75
43469849,361041.71875
43469771,390671.46875
43380213,737911.6875
43451272,702870.6875
43319337,387831.8125
43489538,411730.46875
43406878,301562.78125
43446567,417265.96875
43359097,511664.40625
38471573,592834.9375
43324278,428357.125
43399830,592080.25
43427672,175344.234375
42561656,384266.8125
43430689,409644.625
43409716,260914.109375
43358436,499809.1875
43367060,395307.90625
43354219,475490.75
43393029,563298.8125
43418970,451436.125
43332387,618665.5
43330691,517548.03125
43404136,363157.9375
43356996,441356.5
43412691,552081.8125
43479858,289693.0625
43456387,363343.03125
43478692,578885.9375
43335578,780176.1875
43434375,598910.625
42210625,275189.3125
43412874,336988.09375
43453156,531001.75
43466743,495252.625
43328219,405938.53125
43347713,708864.125
43409509,662037.1875
43369487,384086.46875
39061400,558800.125
43423720,598045.6875
43485650,441557.53125
43351927,499612.59375
43394820,478392.59375
43376887,482571
43383461,543645.4375
43494773,633550.25
31765167,608923.625
43367894,373737.53125
43346194,413585.09375
43413716,725650.3125
43349200,346659
43346434,269309.5
43471345,516311.28125
43487516,453969.25
39561739,311771.21875
43481818,615426.5
43375809,696906.0625
43365072,570932
43368378,489454.40625
43381748,438086
42464559,679256
43417607,537492.5625
43415977,454522.5625
43459128,657742.75
43409648,355782.40625
43462790,429002.53125
42175175,553724
43334799,647818.5625
42360377,511152.34375
43414477,494353.875
43437330,124896.859375
43427898,313326.625
43345926,205580.765625
43385041,524565.3125
43342791,483833.65625
43323437,528074.875
43420432,397240.0625
43493514,525284.0625
43375103,738225.8125
43386559,796728.75
43403110,741801.25
43436525,625009.875
43478539,533750.1875
43332084,771284
43335460,523273.875
43446010,521728.21875
43322070,231854.734375
43342767,315528.875
43331366,475723.90625
43346952,468421.46875
43330831,340226.5
43314232,628311.125
43439636,418313.9375
43361644,397695.3125
43333797,312002.875
43471402,423786.28125
43398258,779410.3125
43329536,524630.1875
43319580,531096.5
43467702,391296.46875
43472541,571760.4375
43428070,692710.5625
43373357,390176.8125
43493519,480445.46875
43457241,493119.84375
43489005,600429.375
43449325,314727.875
43351178,556944.5
43406495,389747.3125
43451106,393769.6875
43343811,647677.125
43417251,498836.90625
43451667,443620.125
43419826,549218.625
43397530,487516.59375
43459315,557468
43365778,392125.5
43491774,401515.125
43350330,886881.625
43347762,421421.9375
43399599,543464.25
43428644,600931.5
43450550,530960.875
43374253,852733.3125
43441681,624295.1875
43319342,698825.75
43464972,357355.8125
43319318,321171.09375
43486973,832845.4375
43471195,509190.5
43478978,685939.625
43451956,297460.40625
43471215,335317.34375
43380211,723124.0625
41760948,477906.8125
43344724,397575.5625
43418630,539259.625
43433597,277469.84375
43418790,458275.1875
43469609,562085.1875
43317439,828332.75
43465271,577370.0625
43433600,277469.84375
43493918,570561.8125
43341126,536507.625
43353067,292967.96875
43335105,533429.5625
43415753,571173.25
43471977,619995.25
43435130,544962.625
43376719,365907.8125
43347130,502779.9375
43339526,471100.625
43448619,657449.5625
43360422,503258.21875
36663125,974534.6875
43430887,689777.8125
43440546,498421.15625
43344916,312938.03125
43470876,454139.0625
43329472,644017.3125
43413165,287874.75
43394376,506796.28125
43321770,441469.21875
43394835,418407.15625
43438671,216822.3125
43345864,579774.3125
43344690,391980.96875
43332824,341607.21875
43434077,538769.8125
43467368,421303.09375
43440772,626593.5
43419054,620309.5
43394255,606482.1875
43370664,626609.6875
43364614,446169.875
43419827,605773.4375
43422320,723719.5625
43329535,302914.28125
43423869,634576.5
43360539,612137.0625
43378378,737222.875
43366780,278761.96875
43346516,341986.0625
43462757,525723.875
43328057,482468.125
43347147,521892.5
43353420,453317.40625
43408528,312452.6875
39203218,587845.4375
43362903,446588.9375
43469067,422904.71875
41821261,498429.625
43412899,598552.5
43335235,416321.90625
43448538,715338.0625
43463158,452451.625
43400688,435187.75
43323591,423100.25
43442308,599667.1875
40592252,592941
43423056,368874.15625
43358786,405051.15625
43393275,540794.375
43440539,533698.3125
43432791,652031.375
43458339,565694.6875
43352680,512548.625
43457576,494039.65625
43349433,510748.90625
43334351,798693.5625
43445189,629322.125
43326719,399398.125
43468793,301021.3125
43478233,506127.0625
43409936,651996.5625
41930345,414612.71875
43396407,569102.9375
43479209,329437.1875
43436874,590861.1875
43366865,444717.03125
43436792,452350.1875
43386624,527916.5625
43343294,520833.625
43343971,591979.8125
43371730,294871.5625
43431607,563709.375
43333594,413229.9375
43494561,455866.3125
43328983,432210.15625
43476933,474567.59375
43442568,365649.3125
43423596,485304.9375
43403686,502007.125
43342029,720353.6875
43387641,550927.625
43493917,571275.375
43479639,452706.5625
43421972,634530.4375
43412030,668196.125
43486754,457854.5
43450729,210622.09375
43403697,423631.09375
43488031,130354.2421875
43428859,576387
43423786,523654.0625
43442021,354899.9375
43403685,539896
43457737,639652.4375
43319230,643416.8125
43494562,526295.625
43395216,444709.0625
43453043,279741.65625
43489418,401336.5
43441868,626178
43400698,790066.375
43443950,305432.875
42824796,218386.828125
43494384,319107.75
43363266,720825.75
43451017,585744.75
43456640,605638
43328022,288086
43367892,612919.9375
43405919,368136.65625
43338766,394980.59375
43362401,439590.34375
43469425,711965.125
43328834,554828.125
43355156,313422.09375
43421956,867195.0625
43492930,441778.59375
43331090,537036.875
43366021,757286.75
42113089,626183
41845955,920115.4375
43401456,624534.1875
43365373,606106.625
43365935,692477.625
43344437,767472.9375
43409510,535556.9375
43364488,256774.609375
43352414,633291.8125
43432713,499915.65625
42116048,523727.71875
43322503,593199
43376584,627772.125
43427303,398294.96875
43486008,421068.21875
43485630,411212.75
43356667,367296.0625
43410693,473604.25
43355239,761263
43349454,728768.75
43436624,489530.96875
43390179,693359.9375
43493260,443749.78125
43481946,560813.875
42916553,529965.75
43448940,544078.0625
43401651,569575.25
43463144,595713.125
43416756,496812.6875
43478563,350206.03125
43341129,528536.375
43343346,493190.53125
43404259,634410.6875
41957619,547782.125
43490792,521929.46875
43347187,355599.75
43445923,550462.75
43397478,259348.40625
43488481,424503.125
43346650,476395
43346464,224327.234375
43443621,447343.5625
43373918,408760.09375
43401423,565849.5
43412898,525266.875
43323476,411573.03125
43438252,604800.375
43381446,226872.59375
43344292,380122.3125
43369908,505842.28125
43333320,490111.21875
43463573,642805.9375
43371251,609579.9375
43335457,486028.8125
43452664,367876.125
43375779,383210.90625
43452959,399027.6875
43492720,134538.0625
43484803,519389.1875
43416682,546003.1875
41189476,743767.375
43332144,371376.0625
43346465,211883.859375
43326648,531455.625
43386715,571302.3125
43440729,520100.34375
43390518,463816.40625
43467732,528773.9375
43404265,490951.59375
43345981,354120
36939649,624503.375
43391664,432182.84375
43373331,647246
43334957,480316.71875
43481678,598552.5
43447510,564138
39999027,635683
43392700,768316.3125
43354726,385586
43412423,439219.90625
43454443,475129.375
43442705,756681.625
40452230,443006.25
43371452,629209.75
43486586,729301.4375
43342395,421033.15625
43417354,595865.625
43386708,679036.125
43375985,515180.9375
43424705,298208.21875
43467420,809006.5
43384388,350822.90625
43328571,476740.4375
43340317,768187.3125
43482324,477649.28125
43375795,772850.1875
43493247,313041.09375
43340994,935344.6875
43436489,423947.03125
43361125,484305
43364003,498215.65625
43378269,721610.6875
43351716,461192.96875
43431195,417412
43357904,684371.0625
43390369,411185.78125
43331358,218039.84375
43371139,473477.375
43383896,458628.75
43486894,604867.9375
43487109,394135.5625
43492608,575194.375
43436883,598677.5625
43367627,398822.71875
43383356,566327.0625
43482674,366988.4375
43342656,367458.3125
43319033,502831.40625
43347121,584157.875
43482106,686974
43321816,399919.6875
43492470,582858.0625
43407973,580523.5
43369101,480541.34375
43466446,557873.5
43354043,640328
40867678,496992.71875
43385069,421694.3125
43408085,438410.0625
43346011,515391.375
43388571,427176.84375
43420754,353924.78125
43486385,617480.6875
43324205,416307.5625
43382751,470181.53125
43330742,582668.5
43386866,410218.09375
43349655,588660.125
42007052,650319
43491128,281684.125
43464741,477463
43339305,676013
43476842,815690.375
43483899,535272.0625
43437764,448979.46875
43369375,557492.875
43452167,469263.78125
43470166,483004.3125
43421353,737064.8125
43358185,430206.84375
43462472,617077.125
43334695,439590.34375
43367615,678189.9375
43459620,427380.8125
43369920,515157.59375
43371701,468970.875
43465878,435104.9375
43468236,542173.25
43407279,571538.0625
43424360,227472.234375
43361810,579740.625
43358243,448127.4375
43382312,447300
43408153,499236.4375
43375291,317758.875
43352071,664867.25
43450040,521256.03125
43476535,689269.125
43425948,559989.875
43364333,616840.5
43456388,380284.375
43317887,629814.375
43469116,601263.75
43362167,408547.75
43393506,641480.1875
43346436,340086.15625
43483110,529472.25
39273745,551429.875
43424332,484541.75
43418066,134538.0625
43473990,421696.4375
43422372,650885.3125
43477596,295261.96875
43322520,653434.5625
43476333,526338.75
43421510,396021.375
43426709,293398.96875
43486319,316773.09375
43483922,626037.4375
43335458,550852.8125
43443464,718741.5625
43329753,389141.84375
43479583,293136.59375
43439932,528777.125
43493199,512828.375
43455544,445091.09375
43458948,642773.9375
43492642,584358.4375
43417337,216388.046875
43366755,627564.75
43354001,238333.609375
43344664,531024.8125
43494198,417963.4375
43381021,752495.0625
43403966,625303.375
40691358,552274.125
43490920,521047.625
43382656,505112.53125
42038043,389217.1875
43382156,887541
43436841,283322.5625
43381842,409751.875
43397721,502130.3125
43421103,532884.125
43403694,507415.65625
43325879,408707.5625
43334694,423108.96875
43413476,504035.65625
43398682,401607.34375
36936441,517367.53125
43345538,435057.875
43464785,549957.25
43473784,422023.78125
43425620,467999.03125
43401974,367760.5625
43485054,613883.375
43342489,532021.9375
43476847,461197.46875
43334531,808948.0625
43402928,683872.1875
43465873,662498
43373617,396886.4375
43320693,542819.5625
43463800,394545.71875
43339548,568658.375
43476794,569973.8125
43366618,498222.59375
43369342,470542.34375
43486286,633040.9375
43325449,573626.6875
43445092,406220.21875
43348744,306996.8125
43452879,624717.3125
43395170,597554.6875
40664374,652231.75
43447513,571411.5
43377382,561996
43449585,620468.375
43350241,546501.75
43414023,492075.21875
43333421,141342.96875
43420662,476787.28125
43426886,278231.96875
43356433,446441.1875
43364181,747519.375
40321023,758645.25
43361649,429306.9375
43385290,400039.0625
43393039,530870.625
43463527,550235.3125
40321592,343861.5625
43344294,750832.8125
43488852,384606.5625
43457702,284163.90625
43367893,653168.625
43409387,603968.4375
43376498,378142.28125
43373306,458496.5
43377302,601526.625
43369826,530980.375
43322356,555855.1875
43439843,594712.375
42138899,561081.125
43368956,514917.6875
43430489,733168.75
43323091,444429.3125
43319934,524361.6875
43344319,583704.5625
43463137,413037.4375
43390518,463816.40625
43450829,479534.9375
43383362,382177.78125
43414799,356713.8125
43490276,353322.96875
43458915,690089.375
43369085,439420.90625
43333348,460232.71875
43478946,382303.15625
43390959,631704.3125
43345679,668909.5
42064644,264341.5
43456181,645949.6875
43469331,573034.5
43408947,302034.34375
43397233,822730.875
43365949,874526.625
43492468,699578.6875
43444192,588642.1875
43404124,344191.8125
43485774,290051.34375
43334530,808948.0625
43450397,525167
43333675,595149.0625
43482506,388045.09375
43328707,453382.90625
43438216,704007.75
43456266,248006.625
43373704,341879.75
43444392,572488.125
43390292,536498.8125
43435500,406771.71875
43330797,727508
42127345,688472.125
43384354,399764.53125
43378250,807922.3125
43458998,378847.53125
43447240,299083.84375
43477608,591603.375
43364083,389970.46875
43384088,704658.6875
43473617,659097.875
43340281,660646.375
43369513,331574.65625
43383030,728066.6875
43390748,446663.03125
43362984,654760.4375
43478158,641420.4375
43382497,361583.1875
43408930,540419.1875
43365875,578574.5
43421971,619620.5625
43343762,501824.4375
43318098,729523.5
43490912,474426.1875
43407694,318072.0625
43476894,528331.5625
43341584,520446.90625
43375986,596973.25
43398877,733056.875
43349651,714621.375
43325702,362150.1875
43466126,570765.125
43364443,562863.25
43443305,630646.375
43422015,365034.40625
43486369,183078.359375
43372049,582739.625
43440332,515703.03125
43331332,376414.53125
43392632,495060.90625
34053078,468188.375
43349448,587399.1875
43446720,530100
40094571,671202.9375
43489026,585253.25
43348290,386606.625
43419344,465692.90625
43390969,467040.25
43421159,555126.0625
43346183,413360.03125
43345478,658016.5
43434337,489081.875
43444201,378008.21875
43430632,390049.78125
43373525,718468.375
43488400,492609.9375
43478529,325811.5625
43430726,526707.25
43336370,450613.59375
43404048,555944.8125
43366368,548038.9375
43407575,517992.9375
43372018,624541.5625
43397535,676805.125
43363020,314030.5
43359858,757952.0625
43409512,535881.875
43383745,432668.40625
43427092,431482.34375
43367956,678262.6875
43389365,211936.828125
43363866,541239.1875
43430700,640651.6875
43495519,503637.84375
43352885,548392.25
43346027,605583.3125
43465149,438645.84375
43378525,268835.8125
43492648,689727.8125
43476232,672066.5625
43492957,282404.40625
43433968,643988.125
43492350,744732.25
43389922,535974.0625
43342724,382441.25
43362893,467525.4375
43479251,517191.65625
43322359,841743.25
43486400,561146.3125
43467383,261278.5
43447283,646076.8125
43362463,482179.46875
43389392,608484
43467872,478049.875
43406910,580420.0625
43322393,506623.21875
43440647,586624.875
43427508,527088.5625
43413503,533804.4375
43359102,495117.78125
43331491,817178.1875
41774060,683262.8125
43390146,542177.0625
43404862,679462.625
43346461,158519.921875
43416107,540034.8125
43454823,465797.5625
43362448,619485.5
43494852,523052.09375
43469053,394538.375
43336699,434277.8125
43322291,583797.6875
43457032,491063.875
43445536,645056.5625
43381132,492870.25
43422810,550619.875
43372052,604000.6875
43352823,371634.65625
43373071,610847.5
43341465,405114.4375
43395420,252802.71875
43400252,541783.0625
43352976,663767.75
43439404,652283.9375
43390207,291684.21875
43415381,432546.15625
43465748,607169.8125
43373024,545121.25
43353714,446580.5
43436254,570372.9375
43384967,510730.25
43374551,594223.75
43446504,481424.4375
43382117,462916.3125
43443606,675343.75
43320651,364810.875
43349002,693514.375
43493478,631937.5625
43349388,538438
43372170,284611.625
43474751,375908.6875
43477328,427898.21875
43444606,690629.6875
43484442,409431.125
43364473,544940.5625
43463714,162632.265625
43353618,327631.46875
43368486,511228.71875
43360733,601961.625
43427238,478231.875
43410115,838444.25
43464623,510796.21875
43417338,280732.125
43363005,359176.90625
43375138,434927.5625
43384243,540222.9375
43427802,407656.40625
16939165,507281.15625
43373896,645577.875
43324361,594206.25
43349452,728768.75
43448737,519652.65625
43451075,450001.875
43344929,268841.71875
43491594,910575.75
43332255,542871.625
43494220,435868.375
43457608,281121.9375
43332245,462278
43378826,483901.75
40723370,560766.5
43476709,348717.8125
30661118,482224.4375
43421433,466067.25
43452702,911997.0625
40751646,421053.40625
43369925,503289.5625
43348598,130394.1875
43382841,243376.203125
43411573,290296.5625
43327160,548770.9375
43323608,502534.53125
43481016,455679.03125
43371092,358501.03125
43353584,505965.0625
43359093,759633.0625
43439405,270862.78125
43423791,624496.625
43478537,436542.78125
43390253,538810.0625
43401740,618618.75
43481048,504351.59375
43433704,471022.9375
43388064,531994.625
43431754,557407.625
43492051,487271.46875
43476306,583797.25
43366172,467973.625
43422138,614762.3125
38102745,557208.875
41071287,514561.71875
43478452,430495.96875
43346967,414527.375
43332620,122658.28125
43334967,420730.09375
43384580,754163.5625
43402203,848960.5
43362251,407083.6875
43383891,542660.875
43375323,606007.625
43334704,528037.1875
43465619,450349.5
43483476,414989.9375
43378666,374671.21875
43347773,508104.8125
43353447,545994.0625
43353642,632930.875
43357169,529977.25
43328935,388217.6875
43475984,447560.03125
43375914,594638.5
43459418,690626.8125
43335484,195940.296875
43332092,574887.3125
43366860,480331.09375
43331059,529977.75
43416497,798249.75
43382653,620647.4375
43375462,459721
43344653,423232.5
43447012,418295.1875
43370789,446027.3125
43355344,519334.8125
43403249,516349.6875
43436350,518256.15625
43411021,711137.125
43476058,459903.28125
43377916,457023.34375
43373181,414770.25
43457246,492232.46875
43321315,608147.9375
43457706,412639
43376889,623441
43493089,424e3
43429070,690922.625
43367422,835770.8125
43474434,358189.75
43360224,622153.125
43417667,364635.78125
43487968,499202.09375
43371682,647026.75
43444231,297180.40625
41560631,696454.8125
43462494,506552.0625
43487214,724849.625
42358120,360333.625
43412242,466941.59375
43414626,724901.25
43373618,442048.25
43377574,268426.71875
43429435,533898
43492009,535052.25
43373026,531100
43465493,549493.25
43338351,715384.25
43426445,484366.28125
43414785,248584.65625
43445342,390364.28125
43419280,561652.3125
39855339,536441.5
43375145,215458.375
43423865,333043.78125
43357937,452907.1875
43384072,417037.8125
43441817,499265.96875
42444096,385473.25
43364123,472387.625
43450510,480471.4375
43465178,777761.25
43420549,536670.375
43328342,506882.75
43358226,686196.4375
43480575,583797.25
43321456,590722.125
43335720,737653.75
43360080,537020.375
43398811,562702.9375
43440462,606862.5625
43431801,428162.4375
43483193,415924
43381342,546935.875
43400822,697651.5625
43378529,403846.0625
43350270,672022.5625
43485438,483750.34375
43335722,738936.75
43393340,481602.3125
43329763,525644.625
43469983,584678.1875
43408166,641505
43427215,354120
43345713,549709.75
43482471,504820
43474747,356217.5
43399237,662745.5
43432365,559295.25
43323969,447249.125
43462674,475457.28125
43427223,575418.75
43400792,674683.8125
43325558,369601.125
43406951,642158
43456270,542132.4375
43490415,612662.9375
43418658,613619.1875
43431338,510553.4375
43343504,598552.5
43373298,411944.53125
43457652,651838.375
43412648,433562.34375
43332634,476153.34375
43442207,401391.375
43426809,421498.03125
43352303,528557.75
43439575,645051.8125
43451962,594183.5625
43323477,444988.125
43431472,481648.84375
43488499,496328.25
43432865,682415.5625
43337061,319107.75
43407620,374598.75
43464916,659524.5625
43393498,470394.5625
43356767,571982.0625
43331590,493905.90625
43410116,470582.6875
43449501,762363.5625
43454517,565205.5
43445093,466574.90625
43353952,681002.5
43484469,580972.125
43343042,704442.0625
43319441,457618.28125
43318909,436133.46875
43452424,479366.8125
43449195,470282.5
43403771,543100.5
43342013,349534.9375
43469056,437944.5
43319468,188449.125
43349163,579179.9375
43457962,422443.25
43424345,626615.125
43382065,459628.1875
43430404,629429.8125
43420410,358112.3125
43462473,479839.78125
43403413,657061.5
43412639,214948.75
43389536,614645.6875
43422281,729060.25
43331158,634935.375
43384200,557592.1875
42593166,469033.1875
43493521,494033.125
43413581,505086.375
43386771,463923.4375
43331658,622263.375
43484241,529108.8125
43484464,646879.375
43367419,497689.625
43484280,420128.34375
43492508,674921.9375
43319743,278250.78125
43328480,601771.375
43370293,512774.34375
43377771,397582.25
43428353,682972.5625
43433665,257241.234375
43320691,515600.46875
43409741,349827.09375
43349446,701619.75
43398278,618470.125
43339347,701388.1875
43476182,344090.53125
43467824,232951.375
43387717,363217.0625
43416286,431708.25
43444245,935747.625
43390457,626818.3125
43322755,691040.375
43403688,502007.125
43368899,540443.5
43431038,614235.75
43408601,390198.78125
43361395,507358.5625
43331625,562245.375
43352074,507864.71875
43472197,446815.40625
43332163,541312.3125
43346940,566596.5625
43479313,750510.1875
43475533,595703.375
43428839,226577.640625
43320685,503471.65625
43355055,609154.125
43318069,414471.09375
43432885,534426.75
43443701,510990.71875
43432579,485650.40625
43459127,553894.5625
38153659,509360.09375
40973072,499561.125
43488211,346235.09375
43457944,635099.3125
43383235,482851.3125
43330976,603759.5
43472560,624881.125
43368446,355649.84375
43375119,381337.3125
43335662,717062.125
43437540,404905.5625
43471733,513371.1875
43490500,529186.25
43394353,455437.5
43366858,451627.5625
43331273,567412.6875
43371504,320183.40625
43354164,414281
43492929,577969.9375
43341293,633345.625
43441931,701106.0625
43380097,272235.875
43471813,563540.625
43475091,495023.5
37692696,541311.0625
43384211,721692.875
